<?xml version="1.0" encoding="UTF-8"?>
<project-private xmlns="http://www.netbeans.org/ns/project-private/1">
    <editor-bookmarks xmlns="http://www.netbeans.org/ns/editor-bookmarks/2" lastBookmarkId="0"/>
    <open-files xmlns="http://www.netbeans.org/ns/projectui-open-files/2">
        <group>
            <file>file:/E:/4th%20Semester/Java%20OOP/Java%20projects/School%20Management/src/school/Home.java</file>
            <file>file:/E:/4th%20Semester/Java%20OOP/Java%20projects/School%20Management/src/school/TeachersRecord.java</file>
            <file>file:/E:/4th%20Semester/Java%20OOP/Java%20projects/School%20Management/src/school/Login.java</file>
        </group>
    </open-files>
</project-private>
